DATE,headline_CPI,headline_PCE,headline_PPIFS
1/1/1947,9.42759,NA,NA
2/1/1947,9.48903,NA,NA
3/1/1947,9.65581,NA,NA
4/1/1947,9.65581,NA,NA
5/1/1947,9.63387,NA,NA
6/1/1947,9.69093,NA,NA
7/1/1947,9.75676,NA,NA
8/1/1947,9.83137,NA,NA
9/1/1947,10.02449,NA,NA
10/1/1947,10.05521,NA,NA
11/1/1947,10.12105,NA,NA
12/1/1947,10.27466,NA,NA
1/1/1948,10.39317,NA,NA
2/1/1948,10.38878,NA,NA
3/1/1948,10.31417,NA,NA
4/1/1948,10.45461,NA,NA
5/1/1948,10.538,NA,NA
6/1/1948,10.59945,NA,NA
7/1/1948,10.70918,NA,NA
8/1/1948,10.72234,NA,NA
9/1/1948,10.69162,NA,NA
10/1/1948,10.66967,NA,NA
11/1/1948,10.60384,NA,NA
12/1/1948,10.55556,NA,NA
1/1/1949,10.538,NA,NA
2/1/1949,10.49411,NA,NA
3/1/1949,10.49411,NA,NA
4/1/1949,10.4985,NA,NA
5/1/1949,10.49411,NA,NA
6/1/1949,10.4985,NA,NA
7/1/1949,10.40195,NA,NA
8/1/1949,10.40195,NA,NA
9/1/1949,10.42389,NA,NA
10/1/1949,10.38878,NA,NA
11/1/1949,10.40195,NA,NA
12/1/1949,10.36244,NA,NA
1/1/1950,10.31855,NA,NA
2/1/1950,10.36244,NA,NA
3/1/1950,10.37561,NA,NA
4/1/1950,10.38,NA,NA
5/1/1950,10.43267,NA,NA
6/1/1950,10.48095,NA,NA
7/1/1950,10.56434,NA,NA
8/1/1950,10.6214,NA,NA
9/1/1950,10.68284,NA,NA
10/1/1950,10.75307,NA,NA
11/1/1950,10.79696,NA,NA
12/1/1950,10.96374,NA,NA
1/1/1951,11.1393,NA,NA
2/1/1951,11.3368,NA,NA
3/1/1951,11.35875,NA,NA
4/1/1951,11.3763,NA,NA
5/1/1951,11.40703,NA,NA
6/1/1951,11.38069,NA,NA
7/1/1951,11.37192,NA,NA
8/1/1951,11.34997,NA,NA
9/1/1951,11.42458,NA,NA
10/1/1951,11.48164,NA,NA
11/1/1951,11.55186,NA,NA
12/1/1951,11.6177,NA,NA
1/1/1952,11.60892,NA,NA
2/1/1952,11.59137,NA,NA
3/1/1952,11.58259,NA,NA
4/1/1952,11.61331,NA,NA
5/1/1952,11.6177,NA,NA
6/1/1952,11.64403,NA,NA
7/1/1952,11.70987,NA,NA
8/1/1952,11.71426,NA,NA
9/1/1952,11.68792,NA,NA
10/1/1952,11.71426,NA,NA
11/1/1952,11.71426,NA,NA
12/1/1952,11.72304,NA,NA
1/1/1953,11.69231,NA,NA
2/1/1953,11.67037,NA,NA
3/1/1953,11.68792,NA,NA
4/1/1953,11.71426,NA,NA
5/1/1953,11.71865,NA,NA
6/1/1953,11.74937,NA,NA
7/1/1953,11.75815,NA,NA
8/1/1953,11.78448,NA,NA
9/1/1953,11.80204,NA,NA
10/1/1953,11.82837,NA,NA
11/1/1953,11.78448,NA,NA
12/1/1953,11.79326,NA,NA
1/1/1954,11.82398,NA,NA
2/1/1954,11.84593,NA,NA
3/1/1954,11.81959,NA,NA
4/1/1954,11.78887,NA,NA
5/1/1954,11.81959,NA,NA
6/1/1954,11.82398,NA,NA
7/1/1954,11.78887,NA,NA
8/1/1954,11.78448,NA,NA
9/1/1954,11.76693,NA,NA
10/1/1954,11.72743,NA,NA
11/1/1954,11.75376,NA,NA
12/1/1954,11.74937,NA,NA
1/1/1955,11.74937,NA,NA
2/1/1955,11.77132,NA,NA
3/1/1955,11.75815,NA,NA
4/1/1955,11.75815,NA,NA
5/1/1955,11.74937,NA,NA
6/1/1955,11.72304,NA,NA
7/1/1955,11.74498,NA,NA
8/1/1955,11.72743,NA,NA
9/1/1955,11.78448,NA,NA
10/1/1955,11.77132,NA,NA
11/1/1955,11.79765,NA,NA
12/1/1955,11.79326,NA,NA
1/1/1956,11.7757,NA,NA
2/1/1956,11.78887,NA,NA
3/1/1956,11.80204,NA,NA
4/1/1956,11.81959,NA,NA
5/1/1956,11.86348,NA,NA
6/1/1956,11.91615,NA,NA
7/1/1956,11.9776,NA,NA
8/1/1956,11.98638,NA,NA
9/1/1956,12.00393,NA,NA
10/1/1956,12.07416,NA,NA
11/1/1956,12.07416,NA,NA
12/1/1956,12.12682,NA,NA
1/1/1957,12.14438,NA,NA
2/1/1957,12.20144,NA,NA
3/1/1957,12.22777,NA,NA
4/1/1957,12.25849,NA,NA
5/1/1957,12.28922,NA,NA
6/1/1957,12.3375,NA,NA
7/1/1957,12.37261,NA,NA
8/1/1957,12.41211,NA,NA
9/1/1957,12.42967,NA,NA
10/1/1957,12.42967,NA,NA
11/1/1957,12.46917,NA,NA
12/1/1957,12.4955,NA,NA
1/1/1958,12.57011,NA,NA
2/1/1958,12.59645,NA,NA
3/1/1958,12.67106,NA,NA
4/1/1958,12.70178,NA,NA
5/1/1958,12.70178,NA,NA
6/1/1958,12.68862,NA,NA
7/1/1958,12.67984,NA,NA
8/1/1958,12.70178,NA,NA
9/1/1958,12.68862,NA,NA
10/1/1958,12.68862,NA,NA
11/1/1958,12.70617,NA,NA
12/1/1958,12.71495,NA,NA
1/1/1959,12.73251,16.15013,NA
2/1/1959,12.72812,16.1661,NA
3/1/1959,12.71495,16.17675,NA
4/1/1959,12.71934,16.2087,NA
5/1/1959,12.74567,16.21722,NA
6/1/1959,12.7764,16.26409,NA
7/1/1959,12.79395,16.29817,NA
8/1/1959,12.80712,16.3216,NA
9/1/1959,12.83784,16.3642,NA
10/1/1959,12.88173,16.4036,NA
11/1/1959,12.88173,16.41425,NA
12/1/1959,12.90807,16.43342,NA
1/1/1960,12.89051,16.42384,NA
2/1/1960,12.90807,16.44088,NA
3/1/1960,12.90807,16.45047,NA
4/1/1960,12.96512,16.51011,NA
5/1/1960,12.97829,16.52715,NA
6/1/1960,12.99585,16.5346,NA
7/1/1960,12.96951,16.56442,NA
8/1/1960,12.99585,16.59211,NA
9/1/1960,12.99585,16.6017,NA
10/1/1960,13.05729,16.62087,NA
11/1/1960,13.07046,16.67732,NA
12/1/1960,13.08363,16.68051,NA
1/1/1961,13.0968,16.68371,NA
2/1/1961,13.0968,16.69862,NA
3/1/1961,13.0968,16.68903,NA
4/1/1961,13.08363,16.67945,NA
5/1/1961,13.0968,16.68903,NA
6/1/1961,13.0968,16.69649,NA
7/1/1961,13.13191,16.7327,NA
8/1/1961,13.14069,16.74654,NA
9/1/1961,13.15824,16.76571,NA
10/1/1961,13.15824,16.76465,NA
11/1/1961,13.15824,16.76571,NA
12/1/1961,13.17141,16.76997,NA
1/1/1962,13.18458,16.80193,NA
2/1/1962,13.2153,16.84666,NA
3/1/1962,13.24163,16.86902,NA
4/1/1962,13.25919,16.88819,NA
5/1/1962,13.27236,16.89884,NA
6/1/1962,13.25919,16.90949,NA
7/1/1962,13.26358,16.89991,NA
8/1/1962,13.28991,16.9244,NA
9/1/1962,13.35136,17.00748,NA
10/1/1962,13.3338,16.99044,NA
11/1/1962,13.3338,17.00215,NA
12/1/1962,13.3338,16.99576,NA
1/1/1963,13.36014,17.0373,NA
2/1/1963,13.37769,17.0554,NA
3/1/1963,13.39086,17.04156,NA
4/1/1963,13.37769,17.04049,NA
5/1/1963,13.39086,17.06818,NA
6/1/1963,13.43475,17.10546,NA
7/1/1963,13.46986,17.13954,NA
8/1/1963,13.49619,17.16297,NA
9/1/1963,13.48303,17.15978,NA
10/1/1963,13.49619,17.19279,NA
11/1/1963,13.50936,17.21729,NA
12/1/1963,13.55325,17.24285,NA
1/1/1964,13.57959,17.27906,NA
2/1/1964,13.56642,17.30356,NA
3/1/1964,13.57959,17.31421,NA
4/1/1964,13.58397,17.32699,NA
5/1/1964,13.59714,17.32912,NA
6/1/1964,13.61031,17.35361,NA
7/1/1964,13.6147,17.37598,NA
8/1/1964,13.62786,17.38876,NA
9/1/1964,13.64103,17.41538,NA
10/1/1964,13.65859,17.42603,NA
11/1/1964,13.69809,17.45053,NA
12/1/1964,13.71565,17.47609,NA
1/1/1965,13.72881,17.49526,NA
2/1/1965,13.72881,17.50272,NA
3/1/1965,13.74198,17.52508,NA
4/1/1965,13.7727,17.55277,NA
5/1/1965,13.81659,17.59218,NA
6/1/1965,13.87365,17.6433,NA
7/1/1965,13.86048,17.65608,NA
8/1/1965,13.84732,17.66034,NA
9/1/1965,13.87804,17.66886,NA
10/1/1965,13.89121,17.67419,NA
11/1/1965,13.9351,17.70401,NA
12/1/1965,13.97899,17.76791,NA
1/1/1966,13.99215,17.78921,NA
2/1/1966,14.07993,17.8627,NA
3/1/1966,14.12382,17.90636,NA
4/1/1966,14.16771,17.96813,NA
5/1/1966,14.19844,17.9905,NA
6/1/1966,14.2116,18.03523,NA
7/1/1966,14.24233,18.07038,NA
8/1/1966,14.33011,18.1396,NA
9/1/1966,14.374,18.19712,NA
10/1/1966,14.41789,18.24504,NA
11/1/1966,14.43105,18.27167,NA
12/1/1966,14.44861,18.31001,NA
1/1/1967,14.43983,18.31107,NA
2/1/1967,14.48372,18.33237,NA
3/1/1967,14.48372,18.34196,NA
4/1/1967,14.52761,18.37285,NA
5/1/1967,14.52761,18.40799,NA
6/1/1967,14.61539,18.46657,NA
7/1/1967,14.65928,18.52941,NA
8/1/1967,14.70317,18.58692,NA
9/1/1967,14.74706,18.64336,NA
10/1/1967,14.79095,18.69555,NA
11/1/1967,14.87873,18.75732,NA
12/1/1967,14.92262,18.78714,NA
1/1/1968,14.96651,18.87448,NA
2/1/1968,15.0104,18.95116,NA
3/1/1968,15.05429,19.01293,NA
4/1/1968,15.09818,19.07257,NA
5/1/1968,15.14207,19.14286,NA
6/1/1968,15.22985,19.20464,NA
7/1/1968,15.31763,19.26321,NA
8/1/1968,15.36152,19.34202,NA
9/1/1968,15.40541,19.40912,NA
10/1/1968,15.49319,19.49432,NA
11/1/1968,15.53708,19.56036,NA
12/1/1968,15.62486,19.60083,NA
1/1/1969,15.66875,19.67751,NA
2/1/1969,15.71264,19.72757,NA
3/1/1969,15.84431,19.82022,NA
4/1/1969,15.93209,19.90756,NA
5/1/1969,15.97598,19.98743,NA
6/1/1969,16.06376,20.08435,NA
7/1/1969,16.15154,20.17275,NA
8/1/1969,16.19543,20.22813,NA
9/1/1969,16.28321,20.31227,NA
10/1/1969,16.37099,20.38149,NA
11/1/1969,16.45877,20.46989,NA
12/1/1969,16.54655,20.56361,NA
1/1/1970,16.63433,20.6371,NA
2/1/1970,16.72211,20.71911,NA
3/1/1970,16.80989,20.77023,NA
4/1/1970,16.89767,20.87567,NA
5/1/1970,16.94156,20.9417,NA
6/1/1970,17.02934,20.99602,NA
7/1/1970,17.07323,21.0727,NA
8/1/1970,17.11713,21.12808,NA
9/1/1970,17.20491,21.22287,NA
10/1/1970,17.29269,21.32831,NA
11/1/1970,17.38047,21.41244,NA
12/1/1970,17.46825,21.50723,NA
1/1/1971,17.51214,21.55303,NA
2/1/1971,17.51214,21.61586,NA
3/1/1971,17.55603,21.68722,NA
4/1/1971,17.59992,21.77242,NA
5/1/1971,17.6877,21.86295,NA
6/1/1971,17.77548,21.95987,NA
7/1/1971,17.81937,22.0259,NA
8/1/1971,17.86326,22.0898,NA
9/1/1971,17.90715,22.12282,NA
10/1/1971,17.95104,22.1569,NA
11/1/1971,17.99493,22.2027,NA
12/1/1971,18.03882,22.29003,NA
1/1/1972,18.08271,22.38162,NA
2/1/1972,18.17049,22.47002,NA
3/1/1972,18.17049,22.50197,NA
4/1/1972,18.21438,22.53605,NA
5/1/1972,18.25827,22.58611,NA
6/1/1972,18.30216,22.62019,NA
7/1/1972,18.34605,22.70113,NA
8/1/1972,18.38994,22.76716,NA
9/1/1972,18.47772,22.86941,NA
10/1/1972,18.52161,22.89497,NA
11/1/1972,18.60939,22.96313,NA
12/1/1972,18.65328,23.03662,NA
1/1/1973,18.74106,23.10584,NA
2/1/1973,18.87273,23.22726,NA
3/1/1973,19.04829,23.39234,NA
4/1/1973,19.17996,23.56594,NA
5/1/1973,19.26774,23.68202,NA
6/1/1973,19.39941,23.81728,NA
7/1/1973,19.39941,23.90355,NA
8/1/1973,19.75053,24.17939,NA
9/1/1973,19.83831,24.27525,NA
10/1/1973,20.01387,24.41264,NA
11/1/1973,20.14554,24.61286,NA
12/1/1973,20.3211,24.81522,NA
1/1/1974,20.54055,25.05272,NA
2/1/1974,20.76,25.34454,NA
3/1/1974,20.97945,25.63849,NA
4/1/1974,21.11112,25.81954,NA
5/1/1974,21.33057,26.07408,NA
6/1/1974,21.50613,26.29561,NA
7/1/1974,21.6378,26.48945,NA
8/1/1974,21.90114,26.76635,NA
9/1/1974,22.20837,27.04433,NA
10/1/1974,22.38393,27.23816,NA
11/1/1974,22.60338,27.44265,NA
12/1/1974,22.77894,27.65991,NA
1/1/1975,22.9545,27.83138,NA
2/1/1975,23.08617,27.98262,NA
3/1/1975,23.17395,28.07741,NA
4/1/1975,23.26173,28.17219,NA
5/1/1975,23.30562,28.28509,NA
6/1/1975,23.48118,28.46188,NA
7/1/1975,23.70063,28.70577,NA
8/1/1975,23.78841,28.83038,NA
9/1/1975,23.96398,28.9731,NA
10/1/1975,24.09565,29.14137,NA
11/1/1975,24.27121,29.32882,NA
12/1/1975,24.40288,29.4907,NA
1/1/1976,24.49066,29.60253,NA
2/1/1976,24.53455,29.64087,NA
3/1/1976,24.57844,29.6856,NA
4/1/1976,24.62233,29.7527,NA
5/1/1976,24.754,29.89435,NA
6/1/1976,24.88567,30.02535,NA
7/1/1976,25.01734,30.17765,NA
8/1/1976,25.14901,30.34379,NA
9/1/1976,25.28068,30.5142,NA
10/1/1976,25.41235,30.67395,NA
11/1/1976,25.50013,30.81347,NA
12/1/1976,25.6318,30.98601,NA
1/1/1977,25.76347,31.166,NA
2/1/1977,26.02681,31.40989,NA
3/1/1977,26.15848,31.56751,NA
4/1/1977,26.33404,31.7507,NA
5/1/1977,26.42182,31.91152,NA
6/1/1977,26.55349,32.09044,NA
7/1/1977,26.68516,32.25659,NA
8/1/1977,26.81683,32.40676,NA
9/1/1977,26.90461,32.52924,NA
10/1/1977,27.03628,32.68047,NA
11/1/1977,27.21184,32.86791,NA
12/1/1977,27.34351,33.02767,NA
1/1/1978,27.51907,33.22257,NA
2/1/1978,27.65074,33.377,NA
3/1/1978,27.8263,33.5932,NA
4/1/1978,28.04575,33.84774,NA
5/1/1978,28.30909,34.08951,NA
6/1/1978,28.52854,34.3121,NA
7/1/1978,28.74799,34.49954,NA
8/1/1978,28.92355,34.67421,NA
9/1/1978,29.18689,34.87124,NA
10/1/1978,29.45023,35.14921,NA
11/1/1978,29.62579,35.34837,NA
12/1/1978,29.80135,35.51345,NA
1/1/1979,30.06469,35.78184,NA
2/1/1979,30.37192,35.97248,NA
3/1/1979,30.67915,36.25365,NA
4/1/1979,30.98639,36.63173,NA
5/1/1979,31.33751,37.01088,NA
6/1/1979,31.68863,37.31655,NA
7/1/1979,32.03975,37.60091,NA
8/1/1979,32.34698,37.88847,NA
9/1/1979,32.65421,38.22289,NA
10/1/1979,33.00533,38.53494,NA
11/1/1979,33.35645,38.80227,NA
12/1/1979,33.75146,39.12817,NA
1/1/1980,34.23425,39.5382,NA
2/1/1980,34.67315,39.96635,NA
3/1/1980,35.15594,40.45732,NA
4/1/1980,35.50706,40.6682,NA
5/1/1980,35.85818,40.98451,NA
6/1/1980,36.2093,41.24332,NA
7/1/1980,36.25319,41.56389,NA
8/1/1980,36.51653,41.91003,NA
9/1/1980,36.82376,42.2977,NA
10/1/1980,37.17488,42.63638,NA
11/1/1980,37.56989,42.98358,NA
12/1/1980,37.92102,43.26262,NA
1/1/1981,38.27214,43.67798,NA
2/1/1981,38.62326,44.11997,NA
3/1/1981,38.8866,44.42776,NA
4/1/1981,39.10605,44.62159,NA
5/1/1981,39.36939,44.82182,NA
6/1/1981,39.72051,45.00075,NA
7/1/1981,40.15941,45.27233,NA
8/1/1981,40.46664,45.55563,NA
9/1/1981,40.86165,45.83147,NA
10/1/1981,40.99332,46.03915,NA
11/1/1981,41.16888,46.28624,NA
12/1/1981,41.30055,46.42895,NA
1/1/1982,41.43222,46.70479,NA
2/1/1982,41.56389,46.84538,NA
3/1/1982,41.56389,46.96573,NA
4/1/1982,41.69556,46.98916,NA
5/1/1982,42.09057,47.2682,NA
6/1/1982,42.57336,47.61114,NA
7/1/1982,42.79281,47.89337,NA
8/1/1982,42.88059,48.04141,NA
9/1/1982,42.88059,48.17454,NA
10/1/1982,43.05615,48.44506,NA
11/1/1982,43.01226,48.59096,NA
12/1/1982,42.88059,48.66445,NA
1/1/1983,42.96837,48.8913,NA
2/1/1983,43.01226,48.97438,NA
3/1/1983,43.05615,49.03721,NA
4/1/1983,43.36338,49.26087,NA
5/1/1983,43.53894,49.40039,NA
6/1/1983,43.62672,49.58464,NA
7/1/1983,43.80228,49.86474,NA
8/1/1983,43.93395,50.07775,NA
9/1/1983,44.06562,50.25348,NA
10/1/1983,44.24118,50.33868,NA
11/1/1983,44.37285,50.41004,NA
12/1/1983,44.50453,50.43773,NA
1/1/1984,44.81176,50.65712,NA
2/1/1984,45.03121,50.99793,NA
3/1/1984,45.16288,51.16514,NA
4/1/1984,45.33844,51.36004,NA
5/1/1984,45.42622,51.42501,NA
6/1/1984,45.514,51.5166,NA
7/1/1984,45.68956,51.70085,NA
8/1/1984,45.82123,51.85954,NA
9/1/1984,45.9529,51.92984,NA
10/1/1984,46.12846,52.05231,NA
11/1/1984,46.21624,52.1258,NA
12/1/1984,46.30402,52.27278,NA
1/1/1985,46.3918,52.53371,NA
2/1/1985,46.65514,52.7776,NA
3/1/1985,46.87459,52.98422,NA
4/1/1985,46.96237,53.0609,NA
5/1/1985,47.05015,53.18657,NA
6/1/1985,47.18182,53.33142,NA
7/1/1985,47.2696,53.46242,NA
8/1/1985,47.35738,53.63921,NA
9/1/1985,47.44516,53.72974,NA
10/1/1985,47.62072,53.8192,NA
11/1/1985,47.84017,53.97576,NA
12/1/1985,48.05962,54.15682,NA
1/1/1986,48.23518,54.40603,NA
2/1/1986,48.1474,54.40603,NA
3/1/1986,47.88406,54.28675,NA
4/1/1986,47.7085,54.17599,NA
5/1/1986,47.84017,54.27503,NA
6/1/1986,48.01573,54.47739,NA
7/1/1986,48.05962,54.49123,NA
8/1/1986,48.10351,54.5594,NA
9/1/1986,48.27907,54.73832,NA
10/1/1986,48.36685,54.8363,NA
11/1/1986,48.45463,54.93429,NA
12/1/1986,48.63019,55.0099,NA
1/1/1987,48.89353,55.26871,NA
2/1/1987,49.06909,55.46254,NA
3/1/1987,49.24465,55.60952,NA
4/1/1987,49.4641,55.8172,NA
5/1/1987,49.59577,55.95885,NA
6/1/1987,49.81522,56.17079,NA
7/1/1987,49.94689,56.30072,NA
8/1/1987,50.16634,56.52331,NA
9/1/1987,50.3419,56.71395,NA
10/1/1987,50.47357,56.89394,NA
11/1/1987,50.64913,57.00151,NA
12/1/1987,50.73691,57.10695,NA
1/1/1988,50.91247,57.32848,NA
2/1/1988,51.00025,57.41368,NA
3/1/1988,51.13192,57.61071,NA
4/1/1988,51.43916,57.89081,NA
5/1/1988,51.57083,58.05909,NA
6/1/1988,51.79028,58.30618,NA
7/1/1988,52.00973,58.58947,NA
8/1/1988,52.22918,58.76307,NA
9/1/1988,52.44863,59.04957,NA
10/1/1988,52.62419,59.24234,NA
11/1/1988,52.79975,59.37973,NA
12/1/1988,52.97531,59.56504,NA
1/1/1989,53.19476,59.87071,NA
2/1/1989,53.37032,60.06987,NA
3/1/1989,53.63366,60.29352,NA
4/1/1989,54.02867,60.69504,NA
5/1/1989,54.29201,60.91657,NA
6/1/1989,54.46757,61.04969,NA
7/1/1989,54.64313,61.1956,NA
8/1/1989,54.64313,61.20306,NA
9/1/1989,54.7748,61.33938,NA
10/1/1989,55.03814,61.57901,NA
11/1/1989,55.25759,61.71321,NA
12/1/1989,55.43315,61.89213,NA
1/1/1990,55.95983,62.36075,NA
2/1/1990,56.17928,62.63553,NA
3/1/1990,56.44262,62.87196,NA
4/1/1990,56.57429,63.00403,NA
5/1/1990,56.66207,63.14567,NA
6/1/1990,57.01319,63.42471,NA
7/1/1990,57.27653,63.58127,NA
8/1/1990,57.75932,64.00409,NA
9/1/1990,58.15434,64.39709,NA
10/1/1990,58.54935,64.76559,NA
11/1/1990,58.68102,64.84759,NA
12/1/1990,58.90047,64.9083,NA
1/1/1991,59.11992,65.15539,NA
2/1/1991,59.16381,65.1884,NA
3/1/1991,59.16381,65.20225,NA
4/1/1991,59.29548,65.32047,NA
5/1/1991,59.51493,65.59099,NA
6/1/1991,59.69049,65.70175,NA
7/1/1991,59.77827,65.80506,NA
8/1/1991,59.95383,65.95842,NA
9/1/1991,60.12939,66.18527,NA
10/1/1991,60.21717,66.30882,NA
11/1/1991,60.48051,66.45473,NA
12/1/1991,60.65607,66.62087,NA
1/1/1992,60.69996,66.7114,NA
2/1/1992,60.83163,66.88074,NA
3/1/1992,61.05108,67.04262,NA
4/1/1992,61.18275,67.22368,NA
5/1/1992,61.31442,67.31314,NA
6/1/1992,61.48998,67.43242,NA
7/1/1992,61.66554,67.65502,NA
8/1/1992,61.79721,67.74554,NA
9/1/1992,61.92888,67.85631,NA
10/1/1992,62.19222,68.09594,NA
11/1/1992,62.36778,68.23013,NA
12/1/1992,62.45556,68.34942,NA
1/1/1993,62.67501,68.51556,NA
2/1/1993,62.80668,68.61887,NA
3/1/1993,62.89446,68.75945,NA
4/1/1993,63.11391,68.94264,NA
5/1/1993,63.28947,69.15564,NA
6/1/1993,63.33336,69.17907,NA
7/1/1993,63.42114,69.28984,NA
8/1/1993,63.55281,69.40806,NA
9/1/1993,63.64059,69.48048,NA
10/1/1993,63.90393,69.69881,NA
11/1/1993,64.07949,69.83087,NA
12/1/1993,64.21116,69.84685,NA
1/1/1994,64.21116,69.87028,NA
2/1/1994,64.38672,70.03216,NA
3/1/1994,64.56228,70.22493,NA
4/1/1994,64.60617,70.30801,NA
5/1/1994,64.73784,70.41025,NA
6/1/1994,64.9134,70.58172,NA
7/1/1994,65.13286,70.80431,NA
8/1/1994,65.3962,70.96726,NA
9/1/1994,65.52787,71.04607,NA
10/1/1994,65.57176,71.16642,NA
11/1/1994,65.74732,71.30168,NA
12/1/1994,65.87899,71.34748,NA
1/1/1995,66.05455,71.49232,NA
2/1/1995,66.23011,71.61906,NA
3/1/1995,66.36178,71.75112,NA
4/1/1995,66.62512,71.93963,NA
5/1/1995,66.75679,72.0504,NA
6/1/1995,66.88846,72.12069,NA
7/1/1995,66.97624,72.21122,NA
8/1/1995,67.10791,72.36671,NA
9/1/1995,67.19569,72.41677,NA
10/1/1995,67.37125,72.60421,NA
11/1/1995,67.45903,72.60208,NA
12/1/1995,67.54681,72.7416,NA
1/1/1996,67.89793,72.90349,NA
2/1/1996,68.0296,73.01851,NA
3/1/1996,68.24905,73.23897,NA
4/1/1996,68.51239,73.45837,NA
5/1/1996,68.64406,73.58511,NA
6/1/1996,68.77573,73.58404,NA
7/1/1996,68.9074,73.73954,NA
8/1/1996,68.99518,73.80983,NA
9/1/1996,69.21463,74.01857,NA
10/1/1996,69.43408,74.24223,NA
11/1/1996,69.65353,74.37429,NA
12/1/1996,69.82909,74.46056,NA
1/1/1997,69.96076,74.55748,NA
2/1/1997,70.09243,74.71297,NA
3/1/1997,70.13632,74.79179,NA
4/1/1997,70.18021,74.86527,NA
5/1/1997,70.18021,74.83119,NA
6/1/1997,70.31188,74.92705,NA
7/1/1997,70.39966,74.97178,NA
8/1/1997,70.57522,75.03142,NA
9/1/1997,70.75078,75.21247,NA
10/1/1997,70.88245,75.31046,NA
11/1/1997,70.97023,75.31472,NA
12/1/1997,71.01412,75.29874,NA
1/1/1998,71.1019,75.33602,NA
2/1/1998,71.1019,75.29661,NA
3/1/1998,71.1019,75.30833,NA
4/1/1998,71.18968,75.40205,NA
5/1/1998,71.36524,75.50536,NA
6/1/1998,71.45302,75.44146,NA
7/1/1998,71.62858,75.62784,NA
8/1/1998,71.71636,75.73221,NA
9/1/1998,71.76025,75.68854,NA
10/1/1998,71.93582,75.85469,NA
11/1/1998,72.0236,75.85788,NA
12/1/1998,72.15527,75.93456,NA
1/1/1999,72.28694,76.04107,NA
2/1/1999,72.28694,75.99847,NA
3/1/1999,72.33083,76.05598,NA
4/1/1999,72.81362,76.42341,NA
5/1/1999,72.85751,76.47347,NA
6/1/1999,72.85751,76.4969,NA
7/1/1999,73.16474,76.70032,NA
8/1/1999,73.3403,76.83984,NA
9/1/1999,73.64753,77.11568,NA
10/1/1999,73.7792,77.24562,NA
11/1/1999,73.91087,77.31484,NA
12/1/1999,74.08643,77.49483,NA
1/1/2000,74.30588,77.70571,NA
2/1/2000,74.61311,77.95067,NA
3/1/2000,75.05201,78.28509,NA
4/1/2000,75.00812,78.22012,NA
5/1/2000,75.13979,78.28509,NA
6/1/2000,75.57869,78.55028,NA
7/1/2000,75.79814,78.74731,NA
8/1/2000,75.79814,78.74199,NA
9/1/2000,76.19315,79.08067,NA
10/1/2000,76.32482,79.18823,NA
11/1/2000,76.45649,79.299,NA
12/1/2000,76.63205,79.42041,NA
1/1/2001,77.07095,79.80489,NA
2/1/2001,77.24651,79.92843,NA
3/1/2001,77.2904,79.93589,NA
4/1/2001,77.42207,80.07647,NA
5/1/2001,77.81708,80.28735,NA
6/1/2001,77.99264,80.42899,NA
7/1/2001,77.86097,80.40237,NA
8/1/2001,77.86097,80.39278,NA
9/1/2001,78.1682,80.11907,NA
10/1/2001,77.94875,80.4013,NA
11/1/2001,77.90486,80.34699,NA
12/1/2001,77.86097,80.26391,NA
1/1/2002,77.99264,80.33634,NA
2/1/2002,78.12431,80.4716,NA
3/1/2002,78.34376,80.68993,NA
4/1/2002,78.69489,81.02754,NA
5/1/2002,78.78267,81.08079,NA
6/1/2002,78.82656,81.18197,NA
7/1/2002,79.00212,81.3609,NA
8/1/2002,79.22157,81.52065,NA
9/1/2002,79.35324,81.66763,NA
10/1/2002,79.5288,81.81673,NA
11/1/2002,79.66047,81.89767,NA
12/1/2002,79.79214,81.97648,NA
1/1/2003,80.14326,82.22144,NA
2/1/2003,80.58216,82.56758,NA
3/1/2003,80.71383,82.77952,NA
4/1/2003,80.4066,82.63893,NA
5/1/2003,80.27493,82.54415,NA
6/1/2003,80.36271,82.63361,NA
7/1/2003,80.62605,82.87644,NA
8/1/2003,80.97717,83.15654,NA
9/1/2003,81.24051,83.41641,NA
10/1/2003,81.15273,83.42706,NA
11/1/2003,81.19662,83.53249,NA
12/1/2003,81.41607,83.71674,NA
1/1/2004,81.76719,84.04051,NA
2/1/2004,81.94275,84.21944,NA
3/1/2004,82.11831,84.34937,NA
4/1/2004,82.24998,84.50593,NA
5/1/2004,82.6011,84.78071,NA
6/1/2004,82.90833,85.02247,NA
7/1/2004,82.99611,85.10128,NA
8/1/2004,83.04,85.14495,NA
9/1/2004,83.30334,85.31323,NA
10/1/2004,83.74224,85.6796,NA
11/1/2004,84.13725,86.00976,NA
12/1/2004,84.13725,86.05555,NA
1/1/2005,84.09336,86.16845,NA
2/1/2005,84.44448,86.40808,NA
3/1/2005,84.75171,86.66688,NA
4/1/2005,85.01505,86.90971,NA
5/1/2005,84.97116,86.9587,NA
6/1/2005,85.01505,87.01301,NA
7/1/2005,85.54174,87.38152,NA
8/1/2005,86.06842,87.73404,NA
9/1/2005,87.25345,88.58074,NA
10/1/2005,87.38512,88.72239,NA
11/1/2005,86.94622,88.53707,NA
12/1/2005,86.94622,88.53707,NA
1/1/2006,87.4729,88.96628,NA
2/1/2006,87.51679,89.01953,NA
3/1/2006,87.64846,89.19207,NA
4/1/2006,88.08736,89.60636,NA
5/1/2006,88.3507,89.84706,NA
6/1/2006,88.57015,90.06859,NA
7/1/2006,89.05294,90.37638,NA
8/1/2006,89.44795,90.66075,NA
9/1/2006,89.00905,90.42324,NA
10/1/2006,88.61404,90.21024,NA
11/1/2006,88.65793,90.24112,NA
12/1/2006,89.14072,90.5617,NA
1/1/2007,89.28863,90.86417,NA
2/1/2007,89.63492,91.1464,NA
3/1/2007,90.10103,91.47975,NA
4/1/2007,90.3714,91.69489,NA
5/1/2007,90.7449,91.96115,NA
6/1/2007,90.95514,92.15605,NA
7/1/2007,91.11709,92.29663,NA
8/1/2007,91.14518,92.35947,NA
9/1/2007,91.53141,92.71519,NA
10/1/2007,91.81363,92.99636,NA
11/1/2007,92.53518,93.48947,NA
12/1/2007,92.80335,93.70567,NA
1/1/2008,93.1233,93.9421,NA
2/1/2008,93.34846,94.12955,NA
3/1/2008,93.68246,94.399,NA
4/1/2008,93.89928,94.57367,NA
5/1/2008,94.45493,94.97944,NA
6/1/2008,95.44465,95.66852,NA
7/1/2008,96.12626,96.1137,NA
8/1/2008,95.98318,96.03596,NA
9/1/2008,96.06526,96.11583,NA
10/1/2008,95.23924,95.48107,NA
11/1/2008,93.55299,94.35427,NA
12/1/2008,92.78272,93.82708,NA
1/1/2009,93.01753,93.83773,NA
2/1/2009,93.35636,94.00601,NA
3/1/2009,93.26419,93.9027,NA
4/1/2009,93.35812,94.03689,NA
5/1/2009,93.49549,94.13488,NA
6/1/2009,94.27147,94.69402,NA
7/1/2009,94.24338,94.70467,NA
8/1/2009,94.55895,94.97944,NA
9/1/2009,94.74153,95.13281,NA
10/1/2009,95.02594,95.49385,NA
11/1/2009,95.34414,95.73242,93.73246
12/1/2009,95.39374,95.7878,93.82601
1/1/2010,95.45562,95.99761,94.66791
2/1/2010,95.36477,95.99548,94.48082
3/1/2010,95.39637,96.13074,94.57437
4/1/2010,95.41832,96.18293,94.855
5/1/2010,95.36872,96.21382,95.0421
6/1/2010,95.32878,96.17334,94.855
7/1/2010,95.50697,96.25535,95.0421
8/1/2010,95.64654,96.38742,95.22919
9/1/2010,95.80104,96.48327,95.50982
10/1/2010,96.1346,96.79106,95.884
11/1/2010,96.37819,96.98383,96.16464
12/1/2010,96.7653,97.20323,96.44528
1/1/2011,97.07912,97.49505,97.00655
2/1/2011,97.39117,97.76663,97.56782
3/1/2011,97.89503,98.15963,98.22264
4/1/2011,98.35456,98.57605,98.69036
5/1/2011,98.6675,98.87533,98.971
6/1/2011,98.6675,98.85509,99.06455
7/1/2011,98.92601,99.02337,99.25164
8/1/2011,99.23807,99.25661,99.43873
9/1/2011,99.45357,99.39613,99.81291
10/1/2011,99.52072,99.39826,99.43873
11/1/2011,99.70462,99.60168,99.71936
12/1/2011,99.72832,99.65919,99.62582
1/1/2012,100,100,100
2/1/2012,100.21374,100.22366,100.28064
3/1/2012,100.42354,100.41536,100.46773
4/1/2012,100.59032,100.54743,100.74836
5/1/2012,100.38228,100.43453,100.65482
6/1/2012,100.29933,100.38341,100.37418
7/1/2012,100.3283,100.41962,100.28064
8/1/2012,100.91116,100.75724,100.56127
9/1/2012,101.39263,101.06397,101.21609
10/1/2012,101.66607,101.36324,101.30964
11/1/2012,101.49533,101.29401,101.40318
12/1/2012,101.48305,101.27804,101.40318
1/1/2013,101.68406,101.47081,101.68382
2/1/2013,102.2362,101.83185,101.87091
3/1/2013,101.94872,101.69766,101.87091
4/1/2013,101.73585,101.59435,101.68382
5/1/2013,101.77799,101.6689,101.59027
6/1/2013,102.02026,101.89469,101.96445
7/1/2013,102.21996,102.02143,102.15154
8/1/2013,102.46399,102.17266,102.24509
9/1/2013,102.50261,102.21739,102.24509
10/1/2013,102.55747,102.35265,102.43218
11/1/2013,102.74664,102.50495,102.61927
12/1/2013,103.01832,102.68388,102.71282
1/1/2014,103.26805,102.89688,102.99345
2/1/2014,103.38173,102.94588,103.18054
3/1/2014,103.59284,103.11095,103.55472
4/1/2014,103.78596,103.29414,103.64827
5/1/2014,103.98346,103.46455,103.83536
6/1/2014,104.12084,103.57744,103.74181
7/1/2014,104.23802,103.72441,104.116
8/1/2014,104.22135,103.71163,104.116
9/1/2014,104.22881,103.74784,103.92891
10/1/2014,104.20818,103.71696,104.116
11/1/2014,104.01199,103.61791,103.92891
12/1/2014,103.69115,103.43579,103.64827
1/1/2015,103.03061,102.93948,102.99345
2/1/2015,103.29175,103.12161,102.52572
3/1/2015,103.57002,103.31651,102.71282
4/1/2015,103.67799,103.4081,102.52572
5/1/2015,104.01989,103.65625,102.89991
6/1/2015,104.30781,103.85754,103.18054
7/1/2015,104.47328,103.95233,103.36763
8/1/2015,104.47284,103.95978,103.18054
9/1/2015,104.23802,103.81601,102.80636
10/1/2015,104.34117,103.81601,102.52572
11/1/2015,104.46581,103.88097,102.61927
12/1/2015,104.35346,103.79364,102.52572
1/1/2016,104.30562,103.83624,102.89991
2/1/2016,104.16692,103.78192,102.61927
3/1/2016,104.49346,104.02475,102.61927
4/1/2016,104.89374,104.36556,102.80636
5/1/2016,105.14172,104.53597,102.99345
6/1/2016,105.43359,104.71915,103.46118
7/1/2016,105.38048,104.73726,103.36763
8/1/2016,105.57535,104.88317,103.18054
9/1/2016,105.8523,105.08233,103.46118
10/1/2016,106.10028,105.29746,103.74181
11/1/2016,106.22537,105.33261,103.92891
12/1/2016,106.49353,105.51366,104.20954
1/1/2017,106.9241,105.91838,104.67727
2/1/2017,107.09439,106.06216,104.67727
3/1/2017,107.04436,106.00784,104.86436
4/1/2017,107.17646,106.21019,105.33209
5/1/2017,107.09351,106.1644,105.23854
6/1/2017,107.1633,106.25386,105.33209
7/1/2017,107.19841,106.29327,105.42563
8/1/2017,107.61098,106.53183,105.79981
9/1/2017,108.16048,106.92909,106.17399
10/1/2017,108.24431,107.06861,106.54818
11/1/2017,108.53311,107.22197,106.92236
12/1/2017,108.76177,107.37747,107.0159
1/1/2018,109.22437,107.78005,107.39008
2/1/2018,109.51844,108.01116,107.67072
3/1/2018,109.53951,108.12618,107.85781
4/1/2018,109.82479,108.38392,108.0449
5/1/2018,110.07277,108.5703,108.41908
6/1/2018,110.17196,108.66403,108.79326
7/1/2018,110.25799,108.77905,108.88681
8/1/2018,110.45505,108.85467,108.98036
9/1/2018,110.68284,109.07832,109.16745
10/1/2018,110.94179,109.26683,109.91581
11/1/2018,110.86367,109.30411,109.82226
12/1/2018,110.9396,109.37973,109.82226
1/1/2019,110.91809,109.39357,109.44808
2/1/2019,111.18319,109.5512,109.63517
3/1/2019,111.56942,109.75781,110.00935
4/1/2019,112.01227,110.0933,110.57063
5/1/2019,112.04694,110.15187,110.66417
6/1/2019,111.98945,110.19767,110.57063
7/1/2019,112.22031,110.34571,110.75772
8/1/2019,112.38446,110.40216,110.94481
9/1/2019,112.58284,110.5012,110.66417
10/1/2019,112.90456,110.72166,111.03835
11/1/2019,113.1499,110.76001,110.94481
12/1/2019,113.50673,111.06354,111.31899
1/1/2020,113.69151,111.25099,111.59963
2/1/2020,113.78411,111.35003,110.94481
3/1/2020,113.29079,111.01668,110.38354
4/1/2020,112.39894,110.54593,109.0739
5/1/2020,112.30063,110.64605,109.63517
6/1/2020,112.79132,110.97514,109.91581
7/1/2020,113.35838,111.33938,110.57063
8/1/2020,113.85565,111.68871,110.75772
9/1/2020,114.12689,111.87935,111.03835
10/1/2020,114.23969,111.9603,111.69317
11/1/2020,114.47099,112.03804,111.78672
12/1/2020,115.00733,112.58121,112.25444
1/1/2021,115.27725,113.04769,113.47053
2/1/2021,115.71089,113.44921,114.12535
3/1/2021,116.27092,114.02859,114.87371
4/1/2021,117.04163,114.66334,116.0898
5/1/2021,117.82024,115.24379,117.1188
6/1/2021,118.74852,115.82742,118.05426
7/1/2021,119.27739,116.38656,119.22638
8/1/2021,119.76282,116.87648,120.3087
9/1/2021,120.27107,117.25563,120.86997
10/1/2021,121.36568,118.01393,121.63424
11/1/2021,122.32644,118.74454,122.96726
12/1/2021,123.28148,119.53905,123.70814
1/1/2022,124.03288,120.16636,125.02152
2/1/2022,124.91551,120.87673,126.1768
3/1/2022,126.17165,121.88851,128.1899
4/1/2022,126.67155,122.25382,128.9551
5/1/2022,127.83771,122.95354,129.92984
6/1/2022,129.35631,124.07076,131.10945
7/1/2022,129.31242,124.0878,130.73994
8/1/2022,129.61614,124.49145,130.76614
9/1/2022,130.15116,124.94302,131.14219
10/1/2022,130.78669,125.50536,131.56221
11/1/2022,131.05485,125.7844,132.06268
12/1/2022,131.2269,126.04426,131.63798
1/1/2023,131.90544,126.75038,132.20393
2/1/2023,132.3935,127.14976,132.17025
3/1/2023,132.46372,127.30313,131.66137
4/1/2023,132.9509,127.68974,131.92049
5/1/2023,133.11593,127.82499,131.48831
6/1/2023,133.35601,128.03907,131.5014
7/1/2023,133.57853,128.31278,132.29747
8/1/2023,134.42166,128.81867,133.28812
9/1/2023,134.95361,NA,133.96726
